timestamp,runtime_name,provider_id,device_id,signal_id,value,value_type,quality
2026-07-23T02:10:05.956Z,bioreactor-automation,bread0,dcmt0,motor1_target,0,int64,OK
2026-07-23T03:15:07.84Z,bioreactor-automation,bread0,dcmt0,motor1_target,0,int64,OK
2026-07-23T03:17:01.443Z,bioreactor-automation,bread0,dcmt0,motor1_target,0,int64,OK
2026-07-23T03:22:47.314Z,bioreactor-automation,bread0,dcmt0,motor1_target,0,int64,OK
2026-07-23T04:23:03.763Z,bioreactor-automation,bread0,dcmt0,motor1_target,0,int64,OK
2026-07-23T04:41:20.966Z,bioreactor-automation,bread0,dcmt0,motor1_target,0,int64,OK
2026-07-23T06:25:34.726Z,bioreactor-automation,bread0,dcmt0,motor1_target,0,int64,OK
2026-07-23T07:23:00.609Z,bioreactor-automation,bread0,dcmt0,motor1_target,0,int64,OK
2026-07-23T07:41:08.386Z,bioreactor-automation,bread0,dcmt0,motor1_target,0,int64,OK
2026-07-23T07:51:56.058Z,bioreactor-automation,bread0,dcmt0,motor1_target,0,int64,OK
2026-07-23T08:00:01.2Z,bioreactor-automation,bread0,dcmt0,motor1_target,0,int64,OK
2026-07-23T08:19:23.99Z,bioreactor-automation,bread0,dcmt0,motor1_target,0,int64,OK
2026-07-23T08:56:09.58Z,bioreactor-automation,bread0,dcmt0,motor1_target,0,int64,OK
2026-07-23T09:23:35.019Z,bioreactor-automation,bread0,dcmt0,motor1_target,0,int64,OK
2026-07-23T10:26:31.006Z,bioreactor-automation,bread0,dcmt0,motor1_target,0,int64,OK
2026-07-23T10:35:36.137Z,bioreactor-automation,bread0,dcmt0,motor1_target,0,int64,OK
2026-07-23T10:50:11.369Z,bioreactor-automation,bread0,dcmt0,motor1_target,0,int64,OK
2026-07-23T12:02:12.477Z,bioreactor-automation,bread0,dcmt0,motor1_target,0,int64,OK
2026-07-23T12:07:45.055Z,bioreactor-automation,bread0,dcmt0,motor1_target,0,int64,OK
2026-07-23T12:37:58.014Z,bioreactor-automation,bread0,dcmt0,motor1_target,0,int64,OK
2026-07-23T13:30:18.82Z,bioreactor-automation,bread0,dcmt0,motor1_target,0,int64,OK
2026-07-23T13:31:03.85Z,bioreactor-automation,bread0,dcmt0,motor1_target,0,int64,OK
2026-07-23T13:35:46.389Z,bioreactor-automation,bread0,dcmt0,motor1_target,0,int64,OK
2026-07-23T13:40:11.447Z,bioreactor-automation,bread0,dcmt0,motor1_target,0,int64,OK
2026-07-23T13:40:36.451Z,bioreactor-automation,bread0,dcmt0,motor1_target,0,int64,OK
2026-07-23T13:42:54.075Z,bioreactor-automation,bread0,dcmt0,motor1_target,0,int64,OK
2026-07-23T13:43:26.49Z,bioreactor-automation,bread0,dcmt0,motor1_target,0,int64,OK
2026-07-23T13:45:26.514Z,bioreactor-automation,bread0,dcmt0,motor1_target,0,int64,OK
2026-07-23T13:48:34.053Z,bioreactor-automation,bread0,dcmt0,motor1_target,0,int64,OK
2026-07-23T13:50:24.081Z,bioreactor-automation,bread0,dcmt0,motor1_target,0,int64,OK
2026-07-23T14:51:09.517Z,bioreactor-automation,bread0,dcmt0,motor1_target,0,int64,OK
2026-07-23T15:00:19.645Z,bioreactor-automation,bread0,dcmt0,motor1_target,0,int64,OK
2026-07-23T15:04:23.944Z,bioreactor-automation,bread0,dcmt0,motor1_target,0,int64,OK
2026-07-23T15:06:17.233Z,bioreactor-automation,bread0,dcmt0,motor1_target,0,int64,OK
2026-07-23T15:06:27.237Z,bioreactor-automation,bread0,dcmt0,motor1_target,0,int64,OK
2026-07-23T15:06:32.237Z,bioreactor-automation,bread0,dcmt0,motor1_target,0,int64,OK
2026-07-23T15:08:54.774Z,bioreactor-automation,bread0,dcmt0,motor1_target,0,int64,OK
2026-07-23T15:09:44.785Z,bioreactor-automation,bread0,dcmt0,motor1_target,0,int64,OK
2026-07-23T15:11:59.821Z,bioreactor-automation,bread0,dcmt0,motor1_target,0,int64,OK
2026-07-23T15:13:37.35Z,bioreactor-automation,bread0,dcmt0,motor1_target,0,int64,OK
2026-07-23T15:15:04.869Z,bioreactor-automation,bread0,dcmt0,motor1_target,0,int64,OK
2026-07-23T15:18:17.417Z,bioreactor-automation,bread0,dcmt0,motor1_target,0,int64,OK
2026-07-23T15:18:47.429Z,bioreactor-automation,bread0,dcmt0,motor1_target,0,int64,OK
2026-07-23T15:22:17.47Z,bioreactor-automation,bread0,dcmt0,motor1_target,0,int64,OK
2026-07-23T15:24:07.491Z,bioreactor-automation,bread0,dcmt0,motor1_target,0,int64,OK
2026-07-23T15:26:12.545Z,bioreactor-automation,bread0,dcmt0,motor1_target,0,int64,OK
2026-07-23T15:37:15.179Z,bioreactor-automation,bread0,dcmt0,motor1_target,0,int64,OK
2026-07-23T15:37:40.183Z,bioreactor-automation,bread0,dcmt0,motor1_target,0,int64,OK
2026-07-23T15:40:12.715Z,bioreactor-automation,bread0,dcmt0,motor1_target,0,int64,OK
2026-07-23T15:42:45.289Z,bioreactor-automation,bread0,dcmt0,motor1_target,0,int64,OK
2026-07-23T15:43:20.254Z,bioreactor-automation,bread0,dcmt0,motor1_target,0,int64,OK
2026-07-23T15:47:35.353Z,bioreactor-automation,bread0,dcmt0,motor1_target,0,int64,OK
2026-07-23T15:50:25.35Z,bioreactor-automation,bread0,dcmt0,motor1_target,0,int64,OK
2026-07-23T15:52:58.944Z,bioreactor-automation,bread0,dcmt0,motor1_target,0,int64,OK
2026-07-23T15:53:50.393Z,bioreactor-automation,bread0,dcmt0,motor1_target,0,int64,OK
2026-07-23T15:55:07.907Z,bioreactor-automation,bread0,dcmt0,motor1_target,0,int64,OK
2026-07-23T15:57:25.434Z,bioreactor-automation,bread0,dcmt0,motor1_target,0,int64,OK
2026-07-23T15:58:28.944Z,bioreactor-automation,bread0,dcmt0,motor1_target,0,int64,OK
2026-07-23T15:59:50.465Z,bioreactor-automation,bread0,dcmt0,motor1_target,0,int64,OK
2026-07-23T16:10:28.139Z,bioreactor-automation,bread0,dcmt0,motor1_target,0,int64,OK
2026-07-23T16:13:43.178Z,bioreactor-automation,bread0,dcmt0,motor1_target,0,int64,OK
2026-07-23T16:15:13.163Z,bioreactor-automation,bread0,dcmt0,motor1_target,0,int64,OK
2026-07-23T16:15:50.675Z,bioreactor-automation,bread0,dcmt0,motor1_target,0,int64,OK
2026-07-23T16:15:55.676Z,bioreactor-automation,bread0,dcmt0,motor1_target,0,int64,OK
2026-07-23T16:18:35.719Z,bioreactor-automation,bread0,dcmt0,motor1_target,0,int64,OK
2026-07-23T16:19:20.727Z,bioreactor-automation,bread0,dcmt0,motor1_target,0,int64,OK
2026-07-23T16:20:10.741Z,bioreactor-automation,bread0,dcmt0,motor1_target,0,int64,OK
2026-07-23T16:26:58.468Z,bioreactor-automation,bread0,dcmt0,motor1_target,0,int64,OK
2026-07-23T16:28:02.952Z,bioreactor-automation,bread0,dcmt0,motor1_target,0,int64,OK
2026-07-23T16:30:51.033Z,bioreactor-automation,bread0,dcmt0,motor1_target,0,int64,OK
2026-07-23T16:32:48.567Z,bioreactor-automation,bread0,dcmt0,motor1_target,0,int64,OK
2026-07-23T16:34:16.084Z,bioreactor-automation,bread0,dcmt0,motor1_target,0,int64,OK
2026-07-23T16:38:11.191Z,bioreactor-automation,bread0,dcmt0,motor1_target,0,int64,OK
2026-07-23T16:38:18.693Z,bioreactor-automation,bread0,dcmt0,motor1_target,0,int64,OK
2026-07-23T16:38:34.444Z,bioreactor-automation,bread0,dcmt0,motor1_target,0,int64,OK
2026-07-23T16:38:46.156Z,bioreactor-automation,bread0,dcmt0,motor1_target,0,int64,OK
2026-07-23T16:39:01.161Z,bioreactor-automation,bread0,dcmt0,motor1_target,0,int64,OK
2026-07-23T16:42:16.212Z,bioreactor-automation,bread0,dcmt0,motor1_target,0,int64,OK
2026-07-23T16:45:23.757Z,bioreactor-automation,bread0,dcmt0,motor1_target,0,int64,OK
2026-07-23T16:46:56.28Z,bioreactor-automation,bread0,dcmt0,motor1_target,0,int64,OK
2026-07-23T16:47:58.792Z,bioreactor-automation,bread0,dcmt0,motor1_target,0,int64,OK
2026-07-23T16:50:03.878Z,bioreactor-automation,bread0,dcmt0,motor1_target,0,int64,OK
2026-07-23T16:51:08.849Z,bioreactor-automation,bread0,dcmt0,motor1_target,0,int64,OK
2026-07-23T16:54:11.396Z,bioreactor-automation,bread0,dcmt0,motor1_target,0,int64,OK
2026-07-23T16:56:03.915Z,bioreactor-automation,bread0,dcmt0,motor1_target,0,int64,OK
2026-07-23T16:56:36.438Z,bioreactor-automation,bread0,dcmt0,motor1_target,0,int64,OK
2026-07-23T16:57:48.975Z,bioreactor-automation,bread0,dcmt0,motor1_target,0,int64,OK
2026-07-23T16:58:21.445Z,bioreactor-automation,bread0,dcmt0,motor1_target,0,int64,OK
2026-07-23T16:58:41.495Z,bioreactor-automation,bread0,dcmt0,motor1_target,0,int64,OK
2026-07-23T16:59:11.477Z,bioreactor-automation,bread0,dcmt0,motor1_target,0,int64,OK
2026-07-23T16:59:48.964Z,bioreactor-automation,bread0,dcmt0,motor1_target,0,int64,OK
2026-07-23T17:02:05.944Z,bioreactor-automation,bread0,dcmt0,motor1_target,0,int64,OK
2026-07-23T17:03:19.047Z,bioreactor-automation,bread0,dcmt0,motor1_target,0,int64,OK
2026-07-23T17:05:11.541Z,bioreactor-automation,bread0,dcmt0,motor1_target,0,int64,OK
2026-07-23T17:09:21.613Z,bioreactor-automation,bread0,dcmt0,motor1_target,0,int64,OK
2026-07-23T17:10:01.609Z,bioreactor-automation,bread0,dcmt0,motor1_target,0,int64,OK
2026-07-23T17:13:31.645Z,bioreactor-automation,bread0,dcmt0,motor1_target,0,int64,OK
2026-07-23T17:16:16.682Z,bioreactor-automation,bread0,dcmt0,motor1_target,0,int64,OK
2026-07-23T17:17:51.715Z,bioreactor-automation,bread0,dcmt0,motor1_target,0,int64,OK
2026-07-23T17:18:19.206Z,bioreactor-automation,bread0,dcmt0,motor1_target,0,int64,OK
2026-07-23T17:18:39.211Z,bioreactor-automation,bread0,dcmt0,motor1_target,0,int64,OK
2026-07-23T17:21:14.256Z,bioreactor-automation,bread0,dcmt0,motor1_target,0,int64,OK
2026-07-23T17:22:41.787Z,bioreactor-automation,bread0,dcmt0,motor1_target,0,int64,OK
2026-07-23T17:28:59.354Z,bioreactor-automation,bread0,dcmt0,motor1_target,0,int64,OK
2026-07-23T17:38:04.469Z,bioreactor-automation,bread0,dcmt0,motor1_target,0,int64,OK
2026-07-23T17:42:02.024Z,bioreactor-automation,bread0,dcmt0,motor1_target,0,int64,OK
2026-07-23T17:44:42.057Z,bioreactor-automation,bread0,dcmt0,motor1_target,0,int64,OK
2026-07-23T17:47:44.599Z,bioreactor-automation,bread0,dcmt0,motor1_target,0,int64,OK
2026-07-23T17:50:24.673Z,bioreactor-automation,bread0,dcmt0,motor1_target,0,int64,OK
2026-07-23T17:51:09.642Z,bioreactor-automation,bread0,dcmt0,motor1_target,0,int64,OK
2026-07-23T17:57:49.731Z,bioreactor-automation,bread0,dcmt0,motor1_target,0,int64,OK
2026-07-23T17:58:09.445Z,bioreactor-automation,bread0,dcmt0,motor1_target,0,int64,OK
2026-07-23T17:58:19.736Z,bioreactor-automation,bread0,dcmt0,motor1_target,0,int64,OK
2026-07-23T17:59:19.752Z,bioreactor-automation,bread0,dcmt0,motor1_target,0,int64,OK
2026-07-23T18:01:34.782Z,bioreactor-automation,bread0,dcmt0,motor1_target,0,int64,OK
2026-07-23T18:03:22.308Z,bioreactor-automation,bread0,dcmt0,motor1_target,0,int64,OK
2026-07-23T18:13:02.44Z,bioreactor-automation,bread0,dcmt0,motor1_target,0,int64,OK
2026-07-23T18:14:40.944Z,bioreactor-automation,bread0,dcmt0,motor1_target,0,int64,OK
2026-07-23T18:15:47.476Z,bioreactor-automation,bread0,dcmt0,motor1_target,0,int64,OK
2026-07-23T18:15:52.48Z,bioreactor-automation,bread0,dcmt0,motor1_target,0,int64,OK
2026-07-23T18:24:10.091Z,bioreactor-automation,bread0,dcmt0,motor1_target,0,int64,OK
2026-07-23T18:25:50.112Z,bioreactor-automation,bread0,dcmt0,motor1_target,0,int64,OK
2026-07-23T18:26:00.115Z,bioreactor-automation,bread0,dcmt0,motor1_target,0,int64,OK
2026-07-23T18:26:47.628Z,bioreactor-automation,bread0,dcmt0,motor1_target,0,int64,OK
2026-07-23T18:28:35.15Z,bioreactor-automation,bread0,dcmt0,motor1_target,0,int64,OK
2026-07-23T18:33:41.444Z,bioreactor-automation,bread0,dcmt0,motor1_target,0,int64,OK
2026-07-23T18:39:41.444Z,bioreactor-automation,bread0,dcmt0,motor1_target,0,int64,OK
2026-07-23T18:48:07.921Z,bioreactor-automation,bread0,dcmt0,motor1_target,0,int64,OK
2026-07-23T18:53:25.518Z,bioreactor-automation,bread0,dcmt0,motor1_target,0,int64,OK
2026-07-23T18:55:50.518Z,bioreactor-automation,bread0,dcmt0,motor1_target,0,int64,OK
2026-07-23T19:03:55.66Z,bioreactor-automation,bread0,dcmt0,motor1_target,0,int64,OK
2026-07-23T19:10:48.207Z,bioreactor-automation,bread0,dcmt0,motor1_target,0,int64,OK
2026-07-23T19:13:20.78Z,bioreactor-automation,bread0,dcmt0,motor1_target,0,int64,OK
2026-07-23T19:13:58.249Z,bioreactor-automation,bread0,dcmt0,motor1_target,0,int64,OK
2026-07-23T19:21:43.359Z,bioreactor-automation,bread0,dcmt0,motor1_target,0,int64,OK
2026-07-23T19:24:13.394Z,bioreactor-automation,bread0,dcmt0,motor1_target,0,int64,OK
2026-07-23T19:25:00.945Z,bioreactor-automation,bread0,dcmt0,motor1_target,0,int64,OK
2026-07-23T19:25:35.949Z,bioreactor-automation,bread0,dcmt0,motor1_target,0,int64,OK
2026-07-23T19:27:53.48Z,bioreactor-automation,bread0,dcmt0,motor1_target,0,int64,OK
2026-07-23T19:28:23.456Z,bioreactor-automation,bread0,dcmt0,motor1_target,0,int64,OK
2026-07-23T19:29:03.455Z,bioreactor-automation,bread0,dcmt0,motor1_target,0,int64,OK
2026-07-23T19:29:15.444Z,bioreactor-automation,bread0,dcmt0,motor1_target,0,int64,OK
2026-07-23T19:29:43.465Z,bioreactor-automation,bread0,dcmt0,motor1_target,0,int64,OK
2026-07-23T19:29:53.467Z,bioreactor-automation,bread0,dcmt0,motor1_target,0,int64,OK
2026-07-23T19:30:03.468Z,bioreactor-automation,bread0,dcmt0,motor1_target,0,int64,OK
2026-07-23T19:30:30.975Z,bioreactor-automation,bread0,dcmt0,motor1_target,0,int64,OK
2026-07-23T19:30:35.976Z,bioreactor-automation,bread0,dcmt0,motor1_target,0,int64,OK
2026-07-23T19:30:40.977Z,bioreactor-automation,bread0,dcmt0,motor1_target,0,int64,OK
2026-07-23T19:30:50.979Z,bioreactor-automation,bread0,dcmt0,motor1_target,0,int64,OK
2026-07-23T19:31:30.986Z,bioreactor-automation,bread0,dcmt0,motor1_target,0,int64,OK
2026-07-23T19:35:03.529Z,bioreactor-automation,bread0,dcmt0,motor1_target,0,int64,OK
2026-07-23T19:38:08.582Z,bioreactor-automation,bread0,dcmt0,motor1_target,0,int64,OK
2026-07-23T19:41:31.157Z,bioreactor-automation,bread0,dcmt0,motor1_target,0,int64,OK
2026-07-23T19:45:18.759Z,bioreactor-automation,bread0,dcmt0,motor1_target,0,int64,OK
2026-07-23T19:48:45.944Z,bioreactor-automation,bread0,dcmt0,motor1_target,0,int64,OK
2026-07-23T19:54:56.499Z,bioreactor-automation,bread0,dcmt0,motor1_target,0,int64,OK
2026-07-23T19:58:01.545Z,bioreactor-automation,bread0,dcmt0,motor1_target,0,int64,OK
2026-07-23T19:58:06.546Z,bioreactor-automation,bread0,dcmt0,motor1_target,0,int64,OK
2026-07-23T19:58:16.549Z,bioreactor-automation,bread0,dcmt0,motor1_target,0,int64,OK
2026-07-23T19:59:41.572Z,bioreactor-automation,bread0,dcmt0,motor1_target,0,int64,OK
2026-07-23T20:03:17.444Z,bioreactor-automation,bread0,dcmt0,motor1_target,0,int64,OK
2026-07-23T20:04:39.158Z,bioreactor-automation,bread0,dcmt0,motor1_target,0,int64,OK
2026-07-23T20:07:59.21Z,bioreactor-automation,bread0,dcmt0,motor1_target,0,int64,OK
2026-07-23T20:08:39.217Z,bioreactor-automation,bread0,dcmt0,motor1_target,0,int64,OK
2026-07-23T20:08:46.721Z,bioreactor-automation,bread0,dcmt0,motor1_target,0,int64,OK
2026-07-23T20:11:04.247Z,bioreactor-automation,bread0,dcmt0,motor1_target,0,int64,OK
2026-07-23T20:12:47.446Z,bioreactor-automation,bread0,dcmt0,motor1_target,0,int64,OK
2026-07-23T20:14:16.801Z,bioreactor-automation,bread0,dcmt0,motor1_target,0,int64,OK
2026-07-23T20:18:06.855Z,bioreactor-automation,bread0,dcmt0,motor1_target,0,int64,OK
2026-07-23T20:21:14.391Z,bioreactor-automation,bread0,dcmt0,motor1_target,0,int64,OK
2026-07-23T20:21:31.909Z,bioreactor-automation,bread0,dcmt0,motor1_target,0,int64,OK
2026-07-23T20:23:48.445Z,bioreactor-automation,bread0,dcmt0,motor1_target,0,int64,OK
2026-07-23T20:26:48.444Z,bioreactor-automation,bread0,dcmt0,motor1_target,0,int64,OK
2026-07-23T20:27:06.979Z,bioreactor-automation,bread0,dcmt0,motor1_target,0,int64,OK
2026-07-23T20:30:37.043Z,bioreactor-automation,bread0,dcmt0,motor1_target,0,int64,OK
2026-07-23T20:30:57.027Z,bioreactor-automation,bread0,dcmt0,motor1_target,0,int64,OK
2026-07-23T20:32:29.591Z,bioreactor-automation,bread0,dcmt0,motor1_target,0,int64,OK
2026-07-23T20:33:59.611Z,bioreactor-automation,bread0,dcmt0,motor1_target,0,int64,OK
2026-07-23T20:41:34.675Z,bioreactor-automation,bread0,dcmt0,motor1_target,0,int64,OK
2026-07-23T20:41:48.944Z,bioreactor-automation,bread0,dcmt0,motor1_target,0,int64,OK
2026-07-23T20:41:54.681Z,bioreactor-automation,bread0,dcmt0,motor1_target,0,int64,OK
2026-07-23T20:43:48.944Z,bioreactor-automation,bread0,dcmt0,motor1_target,0,int64,OK
2026-07-23T20:51:07.309Z,bioreactor-automation,bread0,dcmt0,motor1_target,0,int64,OK
2026-07-23T20:51:24.812Z,bioreactor-automation,bread0,dcmt0,motor1_target,0,int64,OK
2026-07-23T20:51:49.821Z,bioreactor-automation,bread0,dcmt0,motor1_target,0,int64,OK
2026-07-23T20:52:39.833Z,bioreactor-automation,bread0,dcmt0,motor1_target,0,int64,OK
2026-07-23T20:54:02.355Z,bioreactor-automation,bread0,dcmt0,motor1_target,0,int64,OK
2026-07-23T20:54:47.372Z,bioreactor-automation,bread0,dcmt0,motor1_target,0,int64,OK
2026-07-23T20:55:02.381Z,bioreactor-automation,bread0,dcmt0,motor1_target,0,int64,OK
2026-07-23T20:55:47.383Z,bioreactor-automation,bread0,dcmt0,motor1_target,0,int64,OK
2026-07-23T20:56:57.4Z,bioreactor-automation,bread0,dcmt0,motor1_target,0,int64,OK
2026-07-23T20:57:02.406Z,bioreactor-automation,bread0,dcmt0,motor1_target,0,int64,OK
2026-07-23T20:58:19.93Z,bioreactor-automation,bread0,dcmt0,motor1_target,0,int64,OK
2026-07-23T21:01:29.967Z,bioreactor-automation,bread0,dcmt0,motor1_target,0,int64,OK
2026-07-23T21:03:02.493Z,bioreactor-automation,bread0,dcmt0,motor1_target,0,int64,OK
2026-07-23T21:03:57.51Z,bioreactor-automation,bread0,dcmt0,motor1_target,0,int64,OK
2026-07-23T21:07:07.56Z,bioreactor-automation,bread0,dcmt0,motor1_target,0,int64,OK
2026-07-23T21:08:42.587Z,bioreactor-automation,bread0,dcmt0,motor1_target,0,int64,OK
2026-07-23T21:09:50.099Z,bioreactor-automation,bread0,dcmt0,motor1_target,0,int64,OK
2026-07-23T21:12:57.647Z,bioreactor-automation,bread0,dcmt0,motor1_target,0,int64,OK
2026-07-23T21:18:32.737Z,bioreactor-automation,bread0,dcmt0,motor1_target,0,int64,OK
2026-07-23T21:22:25.289Z,bioreactor-automation,bread0,dcmt0,motor1_target,0,int64,OK
2026-07-23T21:24:37.821Z,bioreactor-automation,bread0,dcmt0,motor1_target,0,int64,OK
2026-07-23T21:29:45.398Z,bioreactor-automation,bread0,dcmt0,motor1_target,0,int64,OK
2026-07-23T21:34:33.005Z,bioreactor-automation,bread0,dcmt0,motor1_target,0,int64,OK
2026-07-23T21:40:45.542Z,bioreactor-automation,bread0,dcmt0,motor1_target,0,int64,OK
2026-07-23T21:41:10.548Z,bioreactor-automation,bread0,dcmt0,motor1_target,0,int64,OK
2026-07-23T21:44:05.585Z,bioreactor-automation,bread0,dcmt0,motor1_target,0,int64,OK
2026-07-23T21:47:52.454Z,bioreactor-automation,bread0,dcmt0,motor1_target,0,int64,OK
2026-07-23T21:50:18.173Z,bioreactor-automation,bread0,dcmt0,motor1_target,0,int64,OK
2026-07-23T21:51:38.193Z,bioreactor-automation,bread0,dcmt0,motor1_target,0,int64,OK
2026-07-23T21:52:28.23Z,bioreactor-automation,bread0,dcmt0,motor1_target,0,int64,OK
2026-07-23T21:54:23.239Z,bioreactor-automation,bread0,dcmt0,motor1_target,0,int64,OK
2026-07-23T21:55:30.754Z,bioreactor-automation,bread0,dcmt0,motor1_target,0,int64,OK
2026-07-23T21:56:15.766Z,bioreactor-automation,bread0,dcmt0,motor1_target,0,int64,OK
2026-07-23T22:01:40.84Z,bioreactor-automation,bread0,dcmt0,motor1_target,0,int64,OK
2026-07-23T22:05:53.389Z,bioreactor-automation,bread0,dcmt0,motor1_target,0,int64,OK
2026-07-23T22:12:10.982Z,bioreactor-automation,bread0,dcmt0,motor1_target,0,int64,OK
2026-07-23T22:15:53.528Z,bioreactor-automation,bread0,dcmt0,motor1_target,0,int64,OK
2026-07-23T22:18:31.063Z,bioreactor-automation,bread0,dcmt0,motor1_target,0,int64,OK
2026-07-23T22:23:36.124Z,bioreactor-automation,bread0,dcmt0,motor1_target,0,int64,OK
2026-07-23T22:27:18.672Z,bioreactor-automation,bread0,dcmt0,motor1_target,0,int64,OK
2026-07-23T22:30:18.711Z,bioreactor-automation,bread0,dcmt0,motor1_target,0,int64,OK
2026-07-23T22:33:16.253Z,bioreactor-automation,bread0,dcmt0,motor1_target,0,int64,OK
2026-07-23T22:33:21.254Z,bioreactor-automation,bread0,dcmt0,motor1_target,0,int64,OK
2026-07-23T22:39:51.336Z,bioreactor-automation,bread0,dcmt0,motor1_target,0,int64,OK
2026-07-23T22:39:55.944Z,bioreactor-automation,bread0,dcmt0,motor1_target,0,int64,OK
2026-07-23T22:40:01.336Z,bioreactor-automation,bread0,dcmt0,motor1_target,0,int64,OK
2026-07-23T22:40:56.351Z,bioreactor-automation,bread0,dcmt0,motor1_target,0,int64,OK
2026-07-23T22:42:16.366Z,bioreactor-automation,bread0,dcmt0,motor1_target,0,int64,OK
2026-07-23T22:42:36.372Z,bioreactor-automation,bread0,dcmt0,motor1_target,0,int64,OK
2026-07-23T22:42:46.374Z,bioreactor-automation,bread0,dcmt0,motor1_target,0,int64,OK
2026-07-23T22:48:31.505Z,bioreactor-automation,bread0,dcmt0,motor1_target,0,int64,OK
2026-07-23T22:48:41.478Z,bioreactor-automation,bread0,dcmt0,motor1_target,0,int64,OK
2026-07-23T22:49:23.989Z,bioreactor-automation,bread0,dcmt0,motor1_target,0,int64,OK
2026-07-23T22:53:01.569Z,bioreactor-automation,bread0,dcmt0,motor1_target,0,int64,OK
2026-07-23T22:55:56.67Z,bioreactor-automation,bread0,dcmt0,motor1_target,0,int64,OK
2026-07-23T22:57:24.219Z,bioreactor-automation,bread0,dcmt0,motor1_target,0,int64,OK
2026-07-23T22:58:34.25Z,bioreactor-automation,bread0,dcmt0,motor1_target,0,int64,OK
2026-07-23T23:01:39.338Z,bioreactor-automation,bread0,dcmt0,motor1_target,0,int64,OK
2026-07-23T23:05:09.403Z,bioreactor-automation,bread0,dcmt0,motor1_target,0,int64,OK
2026-07-23T23:14:57.2Z,bioreactor-automation,bread0,dcmt0,motor1_target,0,int64,OK
2026-07-23T23:15:44.642Z,bioreactor-automation,bread0,dcmt0,motor1_target,0,int64,OK
2026-07-23T23:16:47.226Z,bioreactor-automation,bread0,dcmt0,motor1_target,0,int64,OK
2026-07-23T23:23:37.331Z,bioreactor-automation,bread0,dcmt0,motor1_target,0,int64,OK
2026-07-23T23:25:44.808Z,bioreactor-automation,bread0,dcmt0,motor1_target,0,int64,OK
2026-07-23T23:26:04.8Z,bioreactor-automation,bread0,dcmt0,motor1_target,0,int64,OK
2026-07-23T23:27:22.343Z,bioreactor-automation,bread0,dcmt0,motor1_target,0,int64,OK
2026-07-23T23:29:57.374Z,bioreactor-automation,bread0,dcmt0,motor1_target,0,int64,OK
2026-07-23T23:30:09.856Z,bioreactor-automation,bread0,dcmt0,motor1_target,0,int64,OK
2026-07-23T23:33:56.444Z,bioreactor-automation,bread0,dcmt0,motor1_target,0,int64,OK
2026-07-23T23:38:42.481Z,bioreactor-automation,bread0,dcmt0,motor1_target,0,int64,OK
2026-07-23T23:41:00.003Z,bioreactor-automation,bread0,dcmt0,motor1_target,0,int64,OK
2026-07-23T23:42:15.061Z,bioreactor-automation,bread0,dcmt0,motor1_target,0,int64,OK
2026-07-23T23:43:26.444Z,bioreactor-automation,bread0,dcmt0,motor1_target,0,int64,OK
2026-07-23T23:43:32.544Z,bioreactor-automation,bread0,dcmt0,motor1_target,0,int64,OK
2026-07-23T23:44:15.047Z,bioreactor-automation,bread0,dcmt0,motor1_target,0,int64,OK
2026-07-23T23:46:17.577Z,bioreactor-automation,bread0,dcmt0,motor1_target,0,int64,OK
2026-07-23T23:46:22.581Z,bioreactor-automation,bread0,dcmt0,motor1_target,0,int64,OK
2026-07-25T00:39:15.923Z,bioreactor-automation,bread0,dcmt0,motor1_target,0,int64,OK
2026-07-25T00:44:03.501Z,bioreactor-automation,bread0,dcmt0,motor1_target,0,int64,OK
2026-07-25T00:59:18.73Z,bioreactor-automation,bread0,dcmt0,motor1_target,0,int64,OK
2026-07-25T02:07:54.745Z,bioreactor-automation,bread0,dcmt0,motor1_target,0,int64,OK
2026-07-25T02:34:37.652Z,bioreactor-automation,bread0,dcmt0,motor1_target,0,int64,OK
2026-07-25T02:53:37.948Z,bioreactor-automation,bread0,dcmt0,motor1_target,0,int64,OK
2026-07-25T03:34:01.064Z,bioreactor-automation,bread0,dcmt0,motor1_target,0,int64,OK
2026-07-25T04:04:46.558Z,bioreactor-automation,bread0,dcmt0,motor1_target,0,int64,OK
2026-07-25T05:00:09.877Z,bioreactor-automation,bread0,dcmt0,motor1_target,0,int64,OK
2026-07-25T05:02:12.426Z,bioreactor-automation,bread0,dcmt0,motor1_target,0,int64,OK
2026-07-25T05:08:02.491Z,bioreactor-automation,bread0,dcmt0,motor1_target,0,int64,OK
2026-07-25T05:11:03.26Z,bioreactor-automation,bread0,dcmt0,motor1_target,0,int64,OK
2026-07-25T08:50:48.352Z,bioreactor-automation,bread0,dcmt0,motor1_target,0,int64,OK
2026-07-25T08:57:10.959Z,bioreactor-automation,bread0,dcmt0,motor1_target,0,int64,OK
2026-07-25T09:10:03.604Z,bioreactor-automation,bread0,dcmt0,motor1_target,0,int64,OK
2026-07-25T09:22:16.27Z,bioreactor-automation,bread0,dcmt0,motor1_target,0,int64,OK
2026-07-25T10:18:39.622Z,bioreactor-automation,bread0,dcmt0,motor1_target,0,int64,OK
2026-07-25T11:31:03.261Z,bioreactor-automation,bread0,dcmt0,motor1_target,0,int64,OK
2026-07-25T11:49:23.571Z,bioreactor-automation,bread0,dcmt0,motor1_target,0,int64,OK
2026-07-25T12:04:51.266Z,bioreactor-automation,bread0,dcmt0,motor1_target,0,int64,OK
2026-07-25T17:17:03.567Z,bioreactor-automation,bread0,dcmt0,motor1_target,0,int64,OK
2026-07-25T20:13:05.26Z,bioreactor-automation,bread0,dcmt0,motor1_target,0,int64,OK
2026-07-25T21:13:19.679Z,bioreactor-automation,bread0,dcmt0,motor1_target,0,int64,OK
2026-07-25T22:03:20.482Z,bioreactor-automation,bread0,dcmt0,motor1_target,0,int64,OK
2026-07-25T22:08:10.557Z,bioreactor-automation,bread0,dcmt0,motor1_target,0,int64,OK
2026-07-26T02:09:31.733Z,bioreactor-automation,bread0,dcmt0,motor1_target,0,int64,OK
2026-07-26T03:01:52.57Z,bioreactor-automation,bread0,dcmt0,motor1_target,0,int64,OK
2026-07-26T05:45:27.557Z,bioreactor-automation,bread0,dcmt0,motor1_target,0,int64,OK
2026-07-26T06:30:40.745Z,bioreactor-automation,bread0,dcmt0,motor1_target,0,int64,OK
2026-07-26T06:35:30.82Z,bioreactor-automation,bread0,dcmt0,motor1_target,0,int64,OK
2026-07-26T07:24:49.111Z,bioreactor-automation,bread0,dcmt0,motor1_target,0,int64,OK
2026-07-26T08:03:54.676Z,bioreactor-automation,bread0,dcmt0,motor1_target,0,int64,OK
2026-07-26T08:05:57.226Z,bioreactor-automation,bread0,dcmt0,motor1_target,0,int64,OK
2026-07-26T08:50:55.386Z,bioreactor-automation,bread0,dcmt0,motor1_target,0,int64,OK
2026-07-26T09:24:58.403Z,bioreactor-automation,bread0,dcmt0,motor1_target,0,int64,OK
2026-07-26T10:01:34.008Z,bioreactor-automation,bread0,dcmt0,motor1_target,0,int64,OK
2026-07-26T10:49:04.7Z,bioreactor-automation,bread0,dcmt0,motor1_target,0,int64,OK
2026-07-26T11:07:04.992Z,bioreactor-automation,bread0,dcmt0,motor1_target,0,int64,OK
2026-07-26T11:08:52.563Z,bioreactor-automation,bread0,dcmt0,motor1_target,0,int64,OK
2026-07-26T11:30:40.76Z,bioreactor-automation,bread0,dcmt0,motor1_target,0,int64,OK
2026-07-26T12:03:11.26Z,bioreactor-automation,bread0,dcmt0,motor1_target,0,int64,OK
2026-07-26T13:07:11.84Z,bioreactor-automation,bread0,dcmt0,motor1_target,0,int64,OK
2026-07-26T16:21:37.356Z,bioreactor-automation,bread0,dcmt0,motor1_target,0,int64,OK
2026-07-26T16:45:42.742Z,bioreactor-automation,bread0,dcmt0,motor1_target,0,int64,OK
2026-07-26T17:53:51.306Z,bioreactor-automation,bread0,dcmt0,motor1_target,0,int64,OK
2026-07-26T21:42:12.269Z,bioreactor-automation,bread0,dcmt0,motor1_target,0,int64,OK
2026-07-26T23:32:13.768Z,bioreactor-automation,bread0,dcmt0,motor1_target,0,int64,OK
2026-07-27T00:50:27.634Z,bioreactor-automation,bread0,dcmt0,motor1_target,0,int64,OK
2026-07-27T03:43:00.304Z,bioreactor-automation,bread0,dcmt0,motor1_target,0,int64,OK
2026-07-27T04:21:05.864Z,bioreactor-automation,bread0,dcmt0,motor1_target,0,int64,OK
2026-07-27T04:54:51.348Z,bioreactor-automation,bread0,dcmt0,motor1_target,0,int64,OK
2026-07-27T05:39:59.467Z,bioreactor-automation,bread0,dcmt0,motor1_target,0,int64,OK
2026-07-27T06:27:30.231Z,bioreactor-automation,bread0,dcmt0,motor1_target,0,int64,OK
2026-07-27T06:45:02.964Z,bioreactor-automation,bread0,dcmt0,motor1_target,0,int64,OK
2026-07-27T12:58:43.703Z,bioreactor-automation,bread0,dcmt0,motor1_target,0,int64,OK
2026-07-27T13:45:44.428Z,bioreactor-automation,bread0,dcmt0,motor1_target,0,int64,OK
2026-07-27T14:04:32.233Z,bioreactor-automation,bread0,dcmt0,motor1_target,0,int64,OK
2026-07-27T15:28:03.484Z,bioreactor-automation,bread0,dcmt0,motor1_target,0,int64,OK
2026-07-27T15:33:21.027Z,bioreactor-automation,bread0,dcmt0,motor1_target,0,int64,OK
2026-07-27T16:25:59.346Z,bioreactor-automation,bread0,dcmt0,motor1_target,0,int64,OK
2026-07-27T17:24:40.232Z,bioreactor-automation,bread0,dcmt0,motor1_target,0,int64,OK
2026-07-27T17:27:42.778Z,bioreactor-automation,bread0,dcmt0,motor1_target,0,int64,OK
2026-07-27T17:39:35.443Z,bioreactor-automation,bread0,dcmt0,motor1_target,0,int64,OK
2026-07-27T17:42:52.268Z,bioreactor-automation,bread0,dcmt0,motor1_target,0,int64,OK
2026-07-27T17:47:10.598Z,bioreactor-automation,bread0,dcmt0,motor1_target,0,int64,OK
2026-07-27T18:02:38.495Z,bioreactor-automation,bread0,dcmt0,motor1_target,0,int64,OK
2026-07-27T18:07:58.6Z,bioreactor-automation,bread0,dcmt0,motor1_target,0,int64,OK
2026-07-27T18:11:01.148Z,bioreactor-automation,bread0,dcmt0,motor1_target,0,int64,OK
2026-07-27T18:11:31.155Z,bioreactor-automation,bread0,dcmt0,motor1_target,0,int64,OK
2026-07-27T18:25:41.375Z,bioreactor-automation,bread0,dcmt0,motor1_target,0,int64,OK
2026-07-27T18:34:03.982Z,bioreactor-automation,bread0,dcmt0,motor1_target,0,int64,OK
2026-07-27T18:44:11.632Z,bioreactor-automation,bread0,dcmt0,motor1_target,0,int64,OK
2026-07-27T19:01:24.383Z,bioreactor-automation,bread0,dcmt0,motor1_target,0,int64,OK
2026-07-27T19:02:54.412Z,bioreactor-automation,bread0,dcmt0,motor1_target,0,int64,OK
2026-07-27T19:11:49.533Z,bioreactor-automation,bread0,dcmt0,motor1_target,0,int64,OK
2026-07-27T19:22:54.68Z,bioreactor-automation,bread0,dcmt0,motor1_target,0,int64,OK
2026-07-27T19:30:17.294Z,bioreactor-automation,bread0,dcmt0,motor1_target,0,int64,OK
2026-07-27T19:41:24.931Z,bioreactor-automation,bread0,dcmt0,motor1_target,0,int64,OK
2026-07-27T19:49:32.55Z,bioreactor-automation,bread0,dcmt0,motor1_target,0,int64,OK
2026-07-27T20:12:05.361Z,bioreactor-automation,bread0,dcmt0,motor1_target,0,int64,OK
2026-07-27T20:18:40.451Z,bioreactor-automation,bread0,dcmt0,motor1_target,0,int64,OK
2026-07-27T20:24:00.529Z,bioreactor-automation,bread0,dcmt0,motor1_target,0,int64,OK
2026-07-27T20:28:03.087Z,bioreactor-automation,bread0,dcmt0,motor1_target,0,int64,OK
2026-07-27T20:32:53.147Z,bioreactor-automation,bread0,dcmt0,motor1_target,0,int64,OK
2026-07-27T20:38:58.228Z,bioreactor-automation,bread0,dcmt0,motor1_target,0,int64,OK
2026-07-27T21:29:51.746Z,bioreactor-automation,bread0,dcmt0,motor1_target,0,int64,OK
2026-07-27T21:34:25.26Z,bioreactor-automation,bread0,dcmt0,motor1_target,0,int64,OK
2026-07-27T21:34:41.81Z,bioreactor-automation,bread0,dcmt0,motor1_target,0,int64,OK
2026-07-27T22:03:49.733Z,bioreactor-automation,bread0,dcmt0,motor1_target,0,int64,OK
2026-07-27T22:23:32.512Z,bioreactor-automation,bread0,dcmt0,motor1_target,0,int64,OK
2026-07-27T22:30:07.617Z,bioreactor-automation,bread0,dcmt0,motor1_target,0,int64,OK
2026-07-27T22:38:45.229Z,bioreactor-automation,bread0,dcmt0,motor1_target,0,int64,OK
2026-07-27T22:42:02.822Z,bioreactor-automation,bread0,dcmt0,motor1_target,0,int64,OK
2026-07-27T22:49:22.887Z,bioreactor-automation,bread0,dcmt0,motor1_target,0,int64,OK
2026-07-27T22:52:40.425Z,bioreactor-automation,bread0,dcmt0,motor1_target,0,int64,OK
2026-07-27T22:53:42.951Z,bioreactor-automation,bread0,dcmt0,motor1_target,0,int64,OK
2026-07-27T23:00:03.026Z,bioreactor-automation,bread0,dcmt0,motor1_target,0,int64,OK
2026-07-27T23:06:53.111Z,bioreactor-automation,bread0,dcmt0,motor1_target,0,int64,OK
2026-07-27T23:13:13.207Z,bioreactor-automation,bread0,dcmt0,motor1_target,0,int64,OK
2026-07-27T23:20:03.331Z,bioreactor-automation,bread0,dcmt0,motor1_target,0,int64,OK
2026-07-27T23:20:33.339Z,bioreactor-automation,bread0,dcmt0,motor1_target,0,int64,OK
2026-07-27T23:23:05.839Z,bioreactor-automation,bread0,dcmt0,motor1_target,0,int64,OK
2026-07-27T23:27:08.428Z,bioreactor-automation,bread0,dcmt0,motor1_target,0,int64,OK
2026-07-27T23:35:13.518Z,bioreactor-automation,bread0,dcmt0,motor1_target,0,int64,OK
2026-07-27T23:36:58.586Z,bioreactor-automation,bread0,dcmt0,motor1_target,0,int64,OK
2026-07-27T23:41:33.607Z,bioreactor-automation,bread0,dcmt0,motor1_target,0,int64,OK
2026-07-27T23:52:57.76Z,bioreactor-automation,bread0,dcmt0,motor1_target,0,int64,OK
2026-07-27T23:53:16.298Z,bioreactor-automation,bread0,dcmt0,motor1_target,0,int64,OK
2026-07-27T23:53:57.76Z,bioreactor-automation,bread0,dcmt0,motor1_target,0,int64,OK
2026-07-27T23:54:13.825Z,bioreactor-automation,bread0,dcmt0,motor1_target,0,int64,OK
2026-07-27T23:58:46.448Z,bioreactor-automation,bread0,dcmt0,motor1_target,0,int64,OK
2026-07-28T00:11:56.735Z,bioreactor-automation,bread0,dcmt0,motor1_target,0,int64,OK
2026-07-28T00:16:59.31Z,bioreactor-automation,bread0,dcmt0,motor1_target,0,int64,OK
2026-07-28T00:25:54.443Z,bioreactor-automation,bread0,dcmt0,motor1_target,0,int64,OK
2026-07-28T00:34:59.571Z,bioreactor-automation,bread0,dcmt0,motor1_target,0,int64,OK
2026-07-28T00:43:52.197Z,bioreactor-automation,bread0,dcmt0,motor1_target,0,int64,OK
2026-07-28T00:59:04.904Z,bioreactor-automation,bread0,dcmt0,motor1_target,0,int64,OK
2026-07-28T01:25:10.279Z,bioreactor-automation,bread0,dcmt0,motor1_target,0,int64,OK
2026-07-28T01:34:00.403Z,bioreactor-automation,bread0,dcmt0,motor1_target,0,int64,OK
2026-07-28T01:38:35.468Z,bioreactor-automation,bread0,dcmt0,motor1_target,0,int64,OK
2026-07-28T01:48:58.115Z,bioreactor-automation,bread0,dcmt0,motor1_target,0,int64,OK
2026-07-28T01:56:20.708Z,bioreactor-automation,bread0,dcmt0,motor1_target,0,int64,OK
2026-07-28T02:01:53.291Z,bioreactor-automation,bread0,dcmt0,motor1_target,0,int64,OK
2026-07-28T02:09:15.886Z,bioreactor-automation,bread0,dcmt0,motor1_target,0,int64,OK
2026-07-28T02:09:58.396Z,bioreactor-automation,bread0,dcmt0,motor1_target,0,int64,OK
2026-07-28T02:13:33.455Z,bioreactor-automation,bread0,dcmt0,motor1_target,0,int64,OK
2026-07-28T02:19:53.534Z,bioreactor-automation,bread0,dcmt0,motor1_target,0,int64,OK
2026-07-28T02:38:23.802Z,bioreactor-automation,bread0,dcmt0,motor1_target,0,int64,OK
2026-07-28T02:43:11.369Z,bioreactor-automation,bread0,dcmt0,motor1_target,0,int64,OK
2026-07-28T02:49:16.458Z,bioreactor-automation,bread0,dcmt0,motor1_target,0,int64,OK
2026-07-28T03:01:24.234Z,bioreactor-automation,bread0,dcmt0,motor1_target,0,int64,OK
2026-07-28T03:02:56.776Z,bioreactor-automation,bread0,dcmt0,motor1_target,0,int64,OK
2026-07-28T03:08:59.466Z,bioreactor-automation,bread0,dcmt0,motor1_target,0,int64,OK
2026-07-28T03:36:22.397Z,bioreactor-automation,bread0,dcmt0,motor1_target,0,int64,OK
2026-07-28T03:45:58.26Z,bioreactor-automation,bread0,dcmt0,motor1_target,0,int64,OK
2026-07-28T03:48:30.044Z,bioreactor-automation,bread0,dcmt0,motor1_target,0,int64,OK
2026-07-28T04:12:50.39Z,bioreactor-automation,bread0,dcmt0,motor1_target,0,int64,OK
2026-07-28T04:20:13.001Z,bioreactor-automation,bread0,dcmt0,motor1_target,0,int64,OK
2026-07-28T04:28:30.614Z,bioreactor-automation,bread0,dcmt0,motor1_target,0,int64,OK
2026-07-28T04:32:50.669Z,bioreactor-automation,bread0,dcmt0,motor1_target,0,int64,OK
2026-07-28T04:43:13.314Z,bioreactor-automation,bread0,dcmt0,motor1_target,0,int64,OK
2026-07-28T04:45:58.761Z,bioreactor-automation,bread0,dcmt0,motor1_target,0,int64,OK
2026-07-28T04:52:20.945Z,bioreactor-automation,bread0,dcmt0,motor1_target,0,int64,OK
2026-07-28T05:09:18.688Z,bioreactor-automation,bread0,dcmt0,motor1_target,0,int64,OK
2026-07-28T05:15:53.777Z,bioreactor-automation,bread0,dcmt0,motor1_target,0,int64,OK
2026-07-28T05:28:03.958Z,bioreactor-automation,bread0,dcmt0,motor1_target,0,int64,OK
2026-07-28T05:41:29.138Z,bioreactor-automation,bread0,dcmt0,motor1_target,0,int64,OK
2026-07-28T05:43:46.671Z,bioreactor-automation,bread0,dcmt0,motor1_target,0,int64,OK
2026-07-28T05:53:54.314Z,bioreactor-automation,bread0,dcmt0,motor1_target,0,int64,OK
2026-07-28T05:56:56.856Z,bioreactor-automation,bread0,dcmt0,motor1_target,0,int64,OK
2026-07-28T06:07:49.652Z,bioreactor-automation,bread0,dcmt0,motor1_target,0,int64,OK
2026-07-28T06:15:24.841Z,bioreactor-automation,bread0,dcmt0,motor1_target,0,int64,OK
2026-07-28T06:25:47.559Z,bioreactor-automation,bread0,dcmt0,motor1_target,0,int64,OK
2026-07-28T06:42:00.26Z,bioreactor-automation,bread0,dcmt0,motor1_target,0,int64,OK
2026-07-28T06:56:12.964Z,bioreactor-automation,bread0,dcmt0,motor1_target,0,int64,OK
2026-07-28T07:06:50.659Z,bioreactor-automation,bread0,dcmt0,motor1_target,0,int64,OK
2026-07-28T07:17:28.27Z,bioreactor-automation,bread0,dcmt0,motor1_target,0,int64,OK
2026-07-28T07:24:20.866Z,bioreactor-automation,bread0,dcmt0,motor1_target,0,int64,OK
2026-07-28T07:24:50.873Z,bioreactor-automation,bread0,dcmt0,motor1_target,0,int64,OK
2026-07-28T07:32:43.505Z,bioreactor-automation,bread0,dcmt0,motor1_target,0,int64,OK
2026-07-28T07:34:43.524Z,bioreactor-automation,bread0,dcmt0,motor1_target,0,int64,OK
2026-07-28T07:45:21.176Z,bioreactor-automation,bread0,dcmt0,motor1_target,0,int64,OK
2026-07-28T08:00:48.895Z,bioreactor-automation,bread0,dcmt0,motor1_target,0,int64,OK
2026-07-28T08:04:51.449Z,bioreactor-automation,bread0,dcmt0,motor1_target,0,int64,OK
2026-07-28T08:19:49.162Z,bioreactor-automation,bread0,dcmt0,motor1_target,0,int64,OK
2026-07-28T08:22:21.689Z,bioreactor-automation,bread0,dcmt0,motor1_target,0,int64,OK
2026-07-28T08:23:51.711Z,bioreactor-automation,bread0,dcmt0,motor1_target,0,int64,OK
2026-07-28T08:34:14.36Z,bioreactor-automation,bread0,dcmt0,motor1_target,0,int64,OK
2026-07-28T08:44:22.004Z,bioreactor-automation,bread0,dcmt0,motor1_target,0,int64,OK
2026-07-28T08:46:09.532Z,bioreactor-automation,bread0,dcmt0,motor1_target,0,int64,OK
2026-07-28T08:53:14.627Z,bioreactor-automation,bread0,dcmt0,motor1_target,0,int64,OK
2026-07-28T08:56:00.261Z,bioreactor-automation,bread0,dcmt0,motor1_target,0,int64,OK
2026-07-28T09:02:52.261Z,bioreactor-automation,bread0,dcmt0,motor1_target,0,int64,OK
2026-07-28T09:05:09.826Z,bioreactor-automation,bread0,dcmt0,motor1_target,0,int64,OK
2026-07-28T09:09:27.419Z,bioreactor-automation,bread0,dcmt0,motor1_target,0,int64,OK
2026-07-28T09:23:22.782Z,bioreactor-automation,bread0,dcmt0,motor1_target,0,int64,OK
2026-07-28T09:33:00.26Z,bioreactor-automation,bread0,dcmt0,motor1_target,0,int64,OK
2026-07-28T09:34:47.958Z,bioreactor-automation,bread0,dcmt0,motor1_target,0,int64,OK
2026-07-28T09:41:08.049Z,bioreactor-automation,bread0,dcmt0,motor1_target,0,int64,OK
2026-07-28T09:48:28.221Z,bioreactor-automation,bread0,dcmt0,motor1_target,0,int64,OK
2026-07-28T09:49:58.191Z,bioreactor-automation,bread0,dcmt0,motor1_target,0,int64,OK
2026-07-28T09:56:00.751Z,bioreactor-automation,bread0,dcmt0,motor1_target,0,int64,OK
2026-07-28T09:59:35.801Z,bioreactor-automation,bread0,dcmt0,motor1_target,0,int64,OK
2026-07-28T10:00:05.807Z,bioreactor-automation,bread0,dcmt0,motor1_target,0,int64,OK
2026-07-28T10:00:53.322Z,bioreactor-automation,bread0,dcmt0,motor1_target,0,int64,OK
2026-07-28T10:01:55.834Z,bioreactor-automation,bread0,dcmt0,motor1_target,0,int64,OK
2026-07-28T10:21:53.609Z,bioreactor-automation,bread0,dcmt0,motor1_target,0,int64,OK
2026-07-28T10:32:30.768Z,bioreactor-automation,bread0,dcmt0,motor1_target,0,int64,OK
2026-07-28T10:33:16.27Z,bioreactor-automation,bread0,dcmt0,motor1_target,0,int64,OK
2026-07-28T10:34:18.785Z,bioreactor-automation,bread0,dcmt0,motor1_target,0,int64,OK
2026-07-28T10:39:51.36Z,bioreactor-automation,bread0,dcmt0,motor1_target,0,int64,OK
2026-07-28T10:46:43.967Z,bioreactor-automation,bread0,dcmt0,motor1_target,0,int64,OK
2026-07-28T10:52:30.769Z,bioreactor-automation,bread0,dcmt0,motor1_target,0,int64,OK
2026-07-28T10:55:19.09Z,bioreactor-automation,bread0,dcmt0,motor1_target,0,int64,OK
2026-07-28T10:56:51.603Z,bioreactor-automation,bread0,dcmt0,motor1_target,0,int64,OK
2026-07-28T11:13:19.342Z,bioreactor-automation,bread0,dcmt0,motor1_target,0,int64,OK
2026-07-28T11:24:11.999Z,bioreactor-automation,bread0,dcmt0,motor1_target,0,int64,OK
2026-07-28T11:56:52.457Z,bioreactor-automation,bread0,dcmt0,motor1_target,0,int64,OK
2026-07-28T11:57:52.471Z,bioreactor-automation,bread0,dcmt0,motor1_target,0,int64,OK
2026-07-28T12:00:10.001Z,bioreactor-automation,bread0,dcmt0,motor1_target,0,int64,OK
2026-07-28T12:22:12.937Z,bioreactor-automation,bread0,dcmt0,motor1_target,0,int64,OK
2026-07-28T12:25:48.004Z,bioreactor-automation,bread0,dcmt0,motor1_target,0,int64,OK
2026-07-28T12:26:33.021Z,bioreactor-automation,bread0,dcmt0,motor1_target,0,int64,OK
2026-07-28T12:30:01.26Z,bioreactor-automation,bread0,dcmt0,motor1_target,0,int64,OK
2026-07-28T12:44:45.864Z,bioreactor-automation,bread0,dcmt0,motor1_target,0,int64,OK
2026-07-28T12:46:45.854Z,bioreactor-automation,bread0,dcmt0,motor1_target,0,int64,OK
2026-07-28T13:06:31.26Z,bioreactor-automation,bread0,dcmt0,motor1_target,0,int64,OK
2026-07-28T13:23:46.431Z,bioreactor-automation,bread0,dcmt0,motor1_target,0,int64,OK
2026-07-28T13:24:31.401Z,bioreactor-automation,bread0,dcmt0,motor1_target,0,int64,OK
2026-07-28T13:29:06.466Z,bioreactor-automation,bread0,dcmt0,motor1_target,0,int64,OK
2026-07-28T13:32:39.016Z,bioreactor-automation,bread0,dcmt0,motor1_target,0,int64,OK
2026-07-28T13:38:41.601Z,bioreactor-automation,bread0,dcmt0,motor1_target,0,int64,OK
2026-07-28T13:39:59.127Z,bioreactor-automation,bread0,dcmt0,motor1_target,0,int64,OK
2026-07-28T13:46:49.212Z,bioreactor-automation,bread0,dcmt0,motor1_target,0,int64,OK
2026-07-28T14:10:52.053Z,bioreactor-automation,bread0,dcmt0,motor1_target,0,int64,OK
2026-07-28T14:27:22.279Z,bioreactor-automation,bread0,dcmt0,motor1_target,0,int64,OK
2026-07-28T14:33:57.371Z,bioreactor-automation,bread0,dcmt0,motor1_target,0,int64,OK
2026-07-28T15:04:02.78Z,bioreactor-automation,bread0,dcmt0,motor1_target,0,int64,OK
2026-07-28T15:08:07.835Z,bioreactor-automation,bread0,dcmt0,motor1_target,0,int64,OK
2026-07-28T15:17:45.499Z,bioreactor-automation,bread0,dcmt0,motor1_target,0,int64,OK
2026-07-28T15:20:18.021Z,bioreactor-automation,bread0,dcmt0,motor1_target,0,int64,OK
2026-07-28T15:21:48.051Z,bioreactor-automation,bread0,dcmt0,motor1_target,0,int64,OK
2026-07-28T15:30:25.805Z,bioreactor-automation,bread0,dcmt0,motor1_target,0,int64,OK
2026-07-28T16:17:16.554Z,bioreactor-automation,bread0,dcmt0,motor1_target,0,int64,OK
2026-07-28T16:19:01.58Z,bioreactor-automation,bread0,dcmt0,motor1_target,0,int64,OK
2026-07-28T16:22:24.151Z,bioreactor-automation,bread0,dcmt0,motor1_target,0,int64,OK
2026-07-28T16:29:56.738Z,bioreactor-automation,bread0,dcmt0,motor1_target,0,int64,OK
2026-07-28T16:39:31.879Z,bioreactor-automation,bread0,dcmt0,motor1_target,0,int64,OK
2026-07-28T16:50:57.049Z,bioreactor-automation,bread0,dcmt0,motor1_target,0,int64,OK
2026-07-28T17:09:27.308Z,bioreactor-automation,bread0,dcmt0,motor1_target,0,int64,OK
2026-07-28T17:23:07.5Z,bioreactor-automation,bread0,dcmt0,motor1_target,0,int64,OK
2026-07-28T17:29:27.588Z,bioreactor-automation,bread0,dcmt0,motor1_target,0,int64,OK
2026-07-28T17:38:20.227Z,bioreactor-automation,bread0,dcmt0,motor1_target,0,int64,OK
2026-07-28T17:49:12.886Z,bioreactor-automation,bread0,dcmt0,motor1_target,0,int64,OK
2026-07-28T17:54:32.93Z,bioreactor-automation,bread0,dcmt0,motor1_target,0,int64,OK
2026-07-28T17:59:03.26Z,bioreactor-automation,bread0,dcmt0,motor1_target,0,int64,OK
2026-07-28T18:01:08.023Z,bioreactor-automation,bread0,dcmt0,motor1_target,0,int64,OK
2026-07-28T18:07:28.112Z,bioreactor-automation,bread0,dcmt0,motor1_target,0,int64,OK
2026-07-28T18:20:53.292Z,bioreactor-automation,bread0,dcmt0,motor1_target,0,int64,OK
2026-07-28T18:29:30.941Z,bioreactor-automation,bread0,dcmt0,motor1_target,0,int64,OK
2026-07-28T18:30:30.982Z,bioreactor-automation,bread0,dcmt0,motor1_target,0,int64,OK
2026-07-28T18:31:00.993Z,bioreactor-automation,bread0,dcmt0,motor1_target,0,int64,OK
2026-07-28T18:31:46.013Z,bioreactor-automation,bread0,dcmt0,motor1_target,0,int64,OK
2026-07-28T18:33:18.547Z,bioreactor-automation,bread0,dcmt0,motor1_target,0,int64,OK
2026-07-28T18:37:21.177Z,bioreactor-automation,bread0,dcmt0,motor1_target,0,int64,OK
2026-07-28T18:40:08.723Z,bioreactor-automation,bread0,dcmt0,motor1_target,0,int64,OK
2026-07-28T18:45:28.861Z,bioreactor-automation,bread0,dcmt0,motor1_target,0,int64,OK
2026-07-28T19:11:34.261Z,bioreactor-automation,bread0,dcmt0,motor1_target,0,int64,OK
2026-07-28T19:12:04.268Z,bioreactor-automation,bread0,dcmt0,motor1_target,0,int64,OK
2026-07-28T19:27:01.968Z,bioreactor-automation,bread0,dcmt0,motor1_target,0,int64,OK
2026-07-28T19:43:14.696Z,bioreactor-automation,bread0,dcmt0,motor1_target,0,int64,OK
2026-07-28T19:46:47.243Z,bioreactor-automation,bread0,dcmt0,motor1_target,0,int64,OK
2026-07-28T19:51:34.821Z,bioreactor-automation,bread0,dcmt0,motor1_target,0,int64,OK
2026-07-28T19:53:35.26Z,bioreactor-automation,bread0,dcmt0,motor1_target,0,int64,OK
2026-07-28T19:54:05.26Z,bioreactor-automation,bread0,dcmt0,motor1_target,0,int64,OK
2026-07-28T19:58:39.93Z,bioreactor-automation,bread0,dcmt0,motor1_target,0,int64,OK
2026-07-28T20:08:47.584Z,bioreactor-automation,bread0,dcmt0,motor1_target,0,int64,OK
2026-07-28T20:27:47.823Z,bioreactor-automation,bread0,dcmt0,motor1_target,0,int64,OK
2026-07-28T20:38:42.977Z,bioreactor-automation,bread0,dcmt0,motor1_target,0,int64,OK
2026-07-28T20:48:35.625Z,bioreactor-automation,bread0,dcmt0,motor1_target,0,int64,OK
2026-07-29T04:07:08.414Z,bioreactor-automation,bread0,dcmt0,motor1_target,0,int64,OK
2026-07-29T04:43:13.929Z,bioreactor-automation,bread0,dcmt0,motor1_target,0,int64,OK
2026-07-29T04:57:56.604Z,bioreactor-automation,bread0,dcmt0,motor1_target,0,int64,OK
2026-07-29T06:21:32.875Z,bioreactor-automation,bread0,dcmt0,motor1_target,0,int64,OK
2026-07-29T06:28:07.972Z,bioreactor-automation,bread0,dcmt0,motor1_target,0,int64,OK
2026-07-29T06:41:53.177Z,bioreactor-automation,bread0,dcmt0,motor1_target,0,int64,OK
2026-07-29T10:48:19.216Z,bioreactor-automation,bread0,dcmt0,motor1_target,0,int64,OK
2026-07-29T11:44:30.047Z,bioreactor-automation,bread0,dcmt0,motor1_target,0,int64,OK
2026-07-29T12:25:23.159Z,bioreactor-automation,bread0,dcmt0,motor1_target,0,int64,OK
2026-07-29T13:04:46.232Z,bioreactor-automation,bread0,dcmt0,motor1_target,0,int64,OK
2026-07-29T14:16:57.281Z,bioreactor-automation,bread0,dcmt0,motor1_target,0,int64,OK
2026-07-29T14:44:52.665Z,bioreactor-automation,bread0,dcmt0,motor1_target,0,int64,OK
2026-07-29T14:57:05.367Z,bioreactor-automation,bread0,dcmt0,motor1_target,0,int64,OK
2026-07-29T17:02:31.111Z,bioreactor-automation,bread0,dcmt0,motor1_target,0,int64,OK
2026-07-29T17:04:38.639Z,bioreactor-automation,bread0,dcmt0,motor1_target,0,int64,OK
2026-07-29T17:17:03.821Z,bioreactor-automation,bread0,dcmt0,motor1_target,0,int64,OK
2026-07-29T17:40:21.647Z,bioreactor-automation,bread0,dcmt0,motor1_target,0,int64,OK
2026-07-29T17:57:04.382Z,bioreactor-automation,bread0,dcmt0,motor1_target,0,int64,OK
2026-07-29T18:06:27.028Z,bioreactor-automation,bread0,dcmt0,motor1_target,0,int64,OK
2026-07-29T18:08:29.541Z,bioreactor-automation,bread0,dcmt0,motor1_target,0,int64,OK
2026-07-29T18:09:12.051Z,bioreactor-automation,bread0,dcmt0,motor1_target,0,int64,OK
2026-07-29T18:11:47.106Z,bioreactor-automation,bread0,dcmt0,motor1_target,0,int64,OK
2026-07-29T18:19:22.25Z,bioreactor-automation,bread0,dcmt0,motor1_target,0,int64,OK
2026-07-29T18:19:37.231Z,bioreactor-automation,bread0,dcmt0,motor1_target,0,int64,OK
2026-07-29T18:30:14.277Z,bioreactor-automation,bread0,dcmt0,motor1_target,0,int64,OK
2026-07-29T18:35:50.102Z,bioreactor-automation,bread0,dcmt0,motor1_target,0,int64,OK
2026-07-29T18:37:05.122Z,bioreactor-automation,bread0,dcmt0,motor1_target,0,int64,OK
2026-07-29T18:39:22.658Z,bioreactor-automation,bread0,dcmt0,motor1_target,0,int64,OK
2026-07-29T18:41:40.201Z,bioreactor-automation,bread0,dcmt0,motor1_target,0,int64,OK
2026-07-29T18:43:55.242Z,bioreactor-automation,bread0,dcmt0,motor1_target,0,int64,OK
2026-07-29T18:49:15.333Z,bioreactor-automation,bread0,dcmt0,motor1_target,0,int64,OK
2026-07-29T18:56:49.277Z,bioreactor-automation,bread0,dcmt0,motor1_target,0,int64,OK
2026-07-29T19:03:43.026Z,bioreactor-automation,bread0,dcmt0,motor1_target,0,int64,OK
2026-07-29T19:05:28.048Z,bioreactor-automation,bread0,dcmt0,motor1_target,0,int64,OK
2026-07-29T19:25:30.837Z,bioreactor-automation,bread0,dcmt0,motor1_target,0,int64,OK
2026-07-29T19:35:40.96Z,bioreactor-automation,bread0,dcmt0,motor1_target,0,int64,OK
2026-07-29T19:38:41.002Z,bioreactor-automation,bread0,dcmt0,motor1_target,0,int64,OK
2026-07-29T20:03:13.858Z,bioreactor-automation,bread0,dcmt0,motor1_target,0,int64,OK
2026-07-29T20:03:43.866Z,bioreactor-automation,bread0,dcmt0,motor1_target,0,int64,OK
2026-07-29T20:18:56.585Z,bioreactor-automation,bread0,dcmt0,motor1_target,0,int64,OK
2026-07-29T20:24:16.675Z,bioreactor-automation,bread0,dcmt0,motor1_target,0,int64,OK
2026-07-29T20:28:49.218Z,bioreactor-automation,bread0,dcmt0,motor1_target,0,int64,OK
2026-07-29T20:31:06.75Z,bioreactor-automation,bread0,dcmt0,motor1_target,0,int64,OK
2026-07-29T20:34:39.3Z,bioreactor-automation,bread0,dcmt0,motor1_target,0,int64,OK
2026-07-29T20:35:09.307Z,bioreactor-automation,bread0,dcmt0,motor1_target,0,int64,OK
2026-07-29T20:38:56.871Z,bioreactor-automation,bread0,dcmt0,motor1_target,0,int64,OK
2026-07-29T20:52:22.051Z,bioreactor-automation,bread0,dcmt0,motor1_target,0,int64,OK
2026-07-29T20:54:39.581Z,bioreactor-automation,bread0,dcmt0,motor1_target,0,int64,OK
2026-07-29T21:08:02.299Z,bioreactor-automation,bread0,dcmt0,motor1_target,0,int64,OK
2026-07-29T21:26:20.02Z,bioreactor-automation,bread0,dcmt0,motor1_target,0,int64,OK
2026-07-29T21:27:04.277Z,bioreactor-automation,bread0,dcmt0,motor1_target,0,int64,OK
2026-07-29T21:33:40.184Z,bioreactor-automation,bread0,dcmt0,motor1_target,0,int64,OK
2026-07-29T21:47:53.034Z,bioreactor-automation,bread0,dcmt0,motor1_target,0,int64,OK
2026-07-29T21:52:23.069Z,bioreactor-automation,bread0,dcmt0,motor1_target,0,int64,OK
2026-07-29T22:00:00.699Z,bioreactor-automation,bread0,dcmt0,motor1_target,0,int64,OK
2026-07-29T22:07:35.818Z,bioreactor-automation,bread0,dcmt0,motor1_target,0,int64,OK
2026-07-29T22:09:07.777Z,bioreactor-automation,bread0,dcmt0,motor1_target,0,int64,OK
2026-07-29T22:22:18.517Z,bioreactor-automation,bread0,dcmt0,motor1_target,0,int64,OK
2026-07-29T22:27:36.089Z,bioreactor-automation,bread0,dcmt0,motor1_target,0,int64,OK
2026-07-29T22:34:26.195Z,bioreactor-automation,bread0,dcmt0,motor1_target,0,int64,OK
2026-07-29T22:40:16.277Z,bioreactor-automation,bread0,dcmt0,motor1_target,0,int64,OK
2026-07-29T22:41:16.298Z,bioreactor-automation,bread0,dcmt0,motor1_target,0,int64,OK
2026-07-29T22:48:23.89Z,bioreactor-automation,bread0,dcmt0,motor1_target,0,int64,OK
2026-07-29T22:51:26.432Z,bioreactor-automation,bread0,dcmt0,motor1_target,0,int64,OK
2026-07-29T23:03:19.136Z,bioreactor-automation,bread0,dcmt0,motor1_target,0,int64,OK
2026-07-29T23:04:21.609Z,bioreactor-automation,bread0,dcmt0,motor1_target,0,int64,OK
2026-07-29T23:06:06.634Z,bioreactor-automation,bread0,dcmt0,motor1_target,0,int64,OK
2026-07-29T23:07:06.646Z,bioreactor-automation,bread0,dcmt0,motor1_target,0,int64,OK
2026-07-29T23:07:21.656Z,bioreactor-automation,bread0,dcmt0,motor1_target,0,int64,OK
2026-07-29T23:11:26.724Z,bioreactor-automation,bread0,dcmt0,motor1_target,0,int64,OK
2026-07-29T23:12:56.727Z,bioreactor-automation,bread0,dcmt0,motor1_target,0,int64,OK
2026-07-29T23:16:44.285Z,bioreactor-automation,bread0,dcmt0,motor1_target,0,int64,OK
2026-07-29T23:25:06.903Z,bioreactor-automation,bread0,dcmt0,motor1_target,0,int64,OK
2026-07-29T23:38:32.103Z,bioreactor-automation,bread0,dcmt0,motor1_target,0,int64,OK
2026-07-30T00:10:27.578Z,bioreactor-automation,bread0,dcmt0,motor1_target,0,int64,OK
2026-07-30T00:15:02.683Z,bioreactor-automation,bread0,dcmt0,motor1_target,0,int64,OK
2026-07-30T00:17:02.673Z,bioreactor-automation,bread0,dcmt0,motor1_target,0,int64,OK
2026-07-30T00:25:23.777Z,bioreactor-automation,bread0,dcmt0,motor1_target,0,int64,OK
2026-07-30T00:27:55.325Z,bioreactor-automation,bread0,dcmt0,motor1_target,0,int64,OK
2026-07-30T00:32:30.397Z,bioreactor-automation,bread0,dcmt0,motor1_target,0,int64,OK
2026-07-30T00:39:05.568Z,bioreactor-automation,bread0,dcmt0,motor1_target,0,int64,OK
2026-07-30T01:04:56.076Z,bioreactor-automation,bread0,dcmt0,motor1_target,0,int64,OK
2026-07-30T01:18:51.248Z,bioreactor-automation,bread0,dcmt0,motor1_target,0,int64,OK
2026-07-30T01:22:08.829Z,bioreactor-automation,bread0,dcmt0,motor1_target,0,int64,OK
2026-07-30T01:33:01.449Z,bioreactor-automation,bread0,dcmt0,motor1_target,0,int64,OK
2026-07-30T01:40:24.094Z,bioreactor-automation,bread0,dcmt0,motor1_target,0,int64,OK
2026-07-30T01:42:11.582Z,bioreactor-automation,bread0,dcmt0,motor1_target,0,int64,OK
2026-07-30T01:46:59.146Z,bioreactor-automation,bread0,dcmt0,motor1_target,0,int64,OK
2026-07-30T01:55:51.781Z,bioreactor-automation,bread0,dcmt0,motor1_target,0,int64,OK
2026-07-30T02:14:04.521Z,bioreactor-automation,bread0,dcmt0,motor1_target,0,int64,OK
2026-07-30T02:23:12.157Z,bioreactor-automation,bread0,dcmt0,motor1_target,0,int64,OK
2026-07-30T02:24:12.193Z,bioreactor-automation,bread0,dcmt0,motor1_target,0,int64,OK
2026-07-30T02:38:38.777Z,bioreactor-automation,bread0,dcmt0,motor1_target,0,int64,OK
2026-07-30T02:42:57.454Z,bioreactor-automation,bread0,dcmt0,motor1_target,0,int64,OK
2026-07-30T02:49:47.534Z,bioreactor-automation,bread0,dcmt0,motor1_target,0,int64,OK
2026-07-30T03:00:57.679Z,bioreactor-automation,bread0,dcmt0,motor1_target,0,int64,OK
2026-07-30T03:07:32.801Z,bioreactor-automation,bread0,dcmt0,motor1_target,0,int64,OK
2026-07-30T03:08:47.786Z,bioreactor-automation,bread0,dcmt0,motor1_target,0,int64,OK
2026-07-30T03:10:35.31Z,bioreactor-automation,bread0,dcmt0,motor1_target,0,int64,OK
2026-07-30T03:21:57.97Z,bioreactor-automation,bread0,dcmt0,motor1_target,0,int64,OK
2026-07-30T03:23:27.99Z,bioreactor-automation,bread0,dcmt0,motor1_target,0,int64,OK
2026-07-30T03:25:30.519Z,bioreactor-automation,bread0,dcmt0,motor1_target,0,int64,OK
2026-07-30T03:26:13.029Z,bioreactor-automation,bread0,dcmt0,motor1_target,0,int64,OK
2026-07-30T03:26:30.533Z,bioreactor-automation,bread0,dcmt0,motor1_target,0,int64,OK
2026-07-30T04:17:11.441Z,bioreactor-automation,bread0,dcmt0,motor1_target,0,int64,OK
2026-07-30T04:30:51.642Z,bioreactor-automation,bread0,dcmt0,motor1_target,0,int64,OK
2026-07-30T04:31:54.151Z,bioreactor-automation,bread0,dcmt0,motor1_target,0,int64,OK
2026-07-30T04:35:41.705Z,bioreactor-automation,bread0,dcmt0,motor1_target,0,int64,OK
2026-07-30T04:46:16.868Z,bioreactor-automation,bread0,dcmt0,motor1_target,0,int64,OK
2026-07-30T04:48:06.89Z,bioreactor-automation,bread0,dcmt0,motor1_target,0,int64,OK
2026-07-30T04:54:56.979Z,bioreactor-automation,bread0,dcmt0,motor1_target,0,int64,OK
2026-07-30T04:57:44.514Z,bioreactor-automation,bread0,dcmt0,motor1_target,0,int64,OK
2026-07-30T05:16:12.288Z,bioreactor-automation,bread0,dcmt0,motor1_target,0,int64,OK
2026-07-30T05:26:49.926Z,bioreactor-automation,bread0,dcmt0,motor1_target,0,int64,OK
2026-07-30T05:50:23.777Z,bioreactor-automation,bread0,dcmt0,motor1_target,0,int64,OK
2026-07-30T05:58:47.895Z,bioreactor-automation,bread0,dcmt0,motor1_target,0,int64,OK
2026-07-30T06:04:20.463Z,bioreactor-automation,bread0,dcmt0,motor1_target,0,int64,OK
2026-07-30T06:17:45.653Z,bioreactor-automation,bread0,dcmt0,motor1_target,0,int64,OK
2026-07-30T06:22:05.714Z,bioreactor-automation,bread0,dcmt0,motor1_target,0,int64,OK
2026-07-30T06:26:08.274Z,bioreactor-automation,bread0,dcmt0,motor1_target,0,int64,OK
2026-07-30T06:36:15.906Z,bioreactor-automation,bread0,dcmt0,motor1_target,0,int64,OK
2026-07-30T06:37:48.426Z,bioreactor-automation,bread0,dcmt0,motor1_target,0,int64,OK
2026-07-30T06:47:41.059Z,bioreactor-automation,bread0,dcmt0,motor1_target,0,int64,OK
2026-07-30T06:48:56.077Z,bioreactor-automation,bread0,dcmt0,motor1_target,0,int64,OK
2026-07-30T07:05:53.964Z,bioreactor-automation,bread0,dcmt0,motor1_target,0,int64,OK
2026-07-30T07:13:14.106Z,bioreactor-automation,bread0,dcmt0,motor1_target,0,int64,OK
2026-07-30T07:19:02.278Z,bioreactor-automation,bread0,dcmt0,motor1_target,0,int64,OK
2026-07-30T07:36:16.962Z,bioreactor-automation,bread0,dcmt0,motor1_target,0,int64,OK
2026-07-30T07:52:59.696Z,bioreactor-automation,bread0,dcmt0,motor1_target,0,int64,OK
2026-07-30T08:17:05.024Z,bioreactor-automation,bread0,dcmt0,motor1_target,0,int64,OK
2026-07-30T08:20:52.573Z,bioreactor-automation,bread0,dcmt0,motor1_target,0,int64,OK
2026-07-30T08:22:37.598Z,bioreactor-automation,bread0,dcmt0,motor1_target,0,int64,OK
2026-07-30T08:31:00.21Z,bioreactor-automation,bread0,dcmt0,motor1_target,0,int64,OK
2026-07-30T08:31:12.724Z,bioreactor-automation,bread0,dcmt0,motor1_target,0,int64,OK
2026-07-30T08:39:52.842Z,bioreactor-automation,bread0,dcmt0,motor1_target,0,int64,OK
2026-07-30T08:44:55.411Z,bioreactor-automation,bread0,dcmt0,motor1_target,0,int64,OK
2026-07-30T09:01:38.147Z,bioreactor-automation,bread0,dcmt0,motor1_target,0,int64,OK
2026-07-30T09:11:33.288Z,bioreactor-automation,bread0,dcmt0,motor1_target,0,int64,OK
2026-07-30T09:13:03.297Z,bioreactor-automation,bread0,dcmt0,motor1_target,0,int64,OK
2026-07-30T09:30:46.036Z,bioreactor-automation,bread0,dcmt0,motor1_target,0,int64,OK
2026-07-30T09:39:23.656Z,bioreactor-automation,bread0,dcmt0,motor1_target,0,int64,OK
2026-07-30T09:42:41.2Z,bioreactor-automation,bread0,dcmt0,motor1_target,0,int64,OK
2026-07-30T10:02:41.478Z,bioreactor-automation,bread0,dcmt0,motor1_target,0,int64,OK
2026-07-30T10:05:29.022Z,bioreactor-automation,bread0,dcmt0,motor1_target,0,int64,OK
2026-07-30T10:07:01.56Z,bioreactor-automation,bread0,dcmt0,motor1_target,0,int64,OK
2026-07-30T10:12:34.237Z,bioreactor-automation,bread0,dcmt0,motor1_target,0,int64,OK
2026-07-30T10:14:04.288Z,bioreactor-automation,bread0,dcmt0,motor1_target,0,int64,OK
2026-07-30T10:16:06.863Z,bioreactor-automation,bread0,dcmt0,motor1_target,0,int64,OK
2026-07-30T10:31:49.602Z,bioreactor-automation,bread0,dcmt0,motor1_target,0,int64,OK
2026-07-30T10:46:47.331Z,bioreactor-automation,bread0,dcmt0,motor1_target,0,int64,OK
2026-07-30T11:10:50.159Z,bioreactor-automation,bread0,dcmt0,motor1_target,0,int64,OK
2026-07-30T11:14:07.708Z,bioreactor-automation,bread0,dcmt0,motor1_target,0,int64,OK
2026-07-30T11:16:10.23Z,bioreactor-automation,bread0,dcmt0,motor1_target,0,int64,OK
2026-07-30T11:27:47.894Z,bioreactor-automation,bread0,dcmt0,motor1_target,0,int64,OK
2026-07-30T11:53:38.262Z,bioreactor-automation,bread0,dcmt0,motor1_target,0,int64,OK
2026-07-30T12:16:43.569Z,bioreactor-automation,bread0,dcmt0,motor1_target,0,int64,OK
2026-07-30T12:18:13.594Z,bioreactor-automation,bread0,dcmt0,motor1_target,0,int64,OK
2026-07-30T12:24:18.67Z,bioreactor-automation,bread0,dcmt0,motor1_target,0,int64,OK
2026-07-30T12:25:48.696Z,bioreactor-automation,bread0,dcmt0,motor1_target,0,int64,OK
2026-07-30T12:30:06.292Z,bioreactor-automation,bread0,dcmt0,motor1_target,0,int64,OK
2026-07-30T12:40:46.402Z,bioreactor-automation,bread0,dcmt0,motor1_target,0,int64,OK
2026-07-30T12:43:48.965Z,bioreactor-automation,bread0,dcmt0,motor1_target,0,int64,OK
2026-07-30T12:44:33.955Z,bioreactor-automation,bread0,dcmt0,motor1_target,0,int64,OK
2026-07-30T12:58:31.644Z,bioreactor-automation,bread0,dcmt0,motor1_target,0,int64,OK
2026-07-30T12:59:01.65Z,bioreactor-automation,bread0,dcmt0,motor1_target,0,int64,OK
2026-07-30T13:04:06.712Z,bioreactor-automation,bread0,dcmt0,motor1_target,0,int64,OK
2026-07-30T13:12:11.777Z,bioreactor-automation,bread0,dcmt0,motor1_target,0,int64,OK
2026-07-30T13:21:01.969Z,bioreactor-automation,bread0,dcmt0,motor1_target,0,int64,OK
2026-07-30T13:23:34.523Z,bioreactor-automation,bread0,dcmt0,motor1_target,0,int64,OK
2026-07-30T13:27:37.208Z,bioreactor-automation,bread0,dcmt0,motor1_target,0,int64,OK
2026-07-30T13:29:54.747Z,bioreactor-automation,bread0,dcmt0,motor1_target,0,int64,OK
2026-07-30T13:34:42.34Z,bioreactor-automation,bread0,dcmt0,motor1_target,0,int64,OK
2026-07-30T13:46:07.517Z,bioreactor-automation,bread0,dcmt0,motor1_target,0,int64,OK
2026-07-30T13:52:27.614Z,bioreactor-automation,bread0,dcmt0,motor1_target,0,int64,OK
2026-07-30T13:58:47.277Z,bioreactor-automation,bread0,dcmt0,motor1_target,0,int64,OK
2026-07-30T14:08:25.331Z,bioreactor-automation,bread0,dcmt0,motor1_target,0,int64,OK
2026-07-30T14:08:55.337Z,bioreactor-automation,bread0,dcmt0,motor1_target,0,int64,OK
2026-07-30T14:09:40.347Z,bioreactor-automation,bread0,dcmt0,motor1_target,0,int64,OK
2026-07-30T14:11:57.883Z,bioreactor-automation,bread0,dcmt0,motor1_target,0,int64,OK
2026-07-30T14:12:27.892Z,bioreactor-automation,bread0,dcmt0,motor1_target,0,int64,OK
2026-07-30T14:30:58.146Z,bioreactor-automation,bread0,dcmt0,motor1_target,0,int64,OK
2026-07-30T14:39:48.267Z,bioreactor-automation,bread0,dcmt0,motor1_target,0,int64,OK
2026-07-30T15:01:51.08Z,bioreactor-automation,bread0,dcmt0,motor1_target,0,int64,OK
2026-07-30T15:08:41.175Z,bioreactor-automation,bread0,dcmt0,motor1_target,0,int64,OK
2026-07-30T15:34:31.277Z,bioreactor-automation,bread0,dcmt0,motor1_target,0,int64,OK
2026-07-30T15:35:01.541Z,bioreactor-automation,bread0,dcmt0,motor1_target,0,int64,OK
2026-07-30T16:02:06.936Z,bioreactor-automation,bread0,dcmt0,motor1_target,0,int64,OK
2026-07-30T16:06:57Z,bioreactor-automation,bread0,dcmt0,motor1_target,0,int64,OK
2026-07-30T16:07:12.003Z,bioreactor-automation,bread0,dcmt0,motor1_target,0,int64,OK
2026-07-30T16:36:22.539Z,bioreactor-automation,bread0,dcmt0,motor1_target,0,int64,OK
2026-07-30T16:55:05.413Z,bioreactor-automation,bread0,dcmt0,motor1_target,0,int64,OK
2026-07-30T17:05:28.084Z,bioreactor-automation,bread0,dcmt0,motor1_target,0,int64,OK
2026-07-30T17:07:15.588Z,bioreactor-automation,bread0,dcmt0,motor1_target,0,int64,OK
2026-07-30T17:13:05.677Z,bioreactor-automation,bread0,dcmt0,motor1_target,0,int64,OK
2026-07-30T17:17:08.25Z,bioreactor-automation,bread0,dcmt0,motor1_target,0,int64,OK
2026-07-30T17:27:30.883Z,bioreactor-automation,bread0,dcmt0,motor1_target,0,int64,OK
2026-07-30T17:39:26.05Z,bioreactor-automation,bread0,dcmt0,motor1_target,0,int64,OK
2026-07-30T17:40:11.061Z,bioreactor-automation,bread0,dcmt0,motor1_target,0,int64,OK
2026-07-30T17:51:03.712Z,bioreactor-automation,bread0,dcmt0,motor1_target,0,int64,OK
2026-07-30T18:05:16.277Z,bioreactor-automation,bread0,dcmt0,motor1_target,0,int64,OK
2026-07-30T18:17:39.074Z,bioreactor-automation,bread0,dcmt0,motor1_target,0,int64,OK
2026-07-30T18:18:41.587Z,bioreactor-automation,bread0,dcmt0,motor1_target,0,int64,OK
2026-07-30T18:23:44.17Z,bioreactor-automation,bread0,dcmt0,motor1_target,0,int64,OK
2026-07-30T18:43:16.937Z,bioreactor-automation,bread0,dcmt0,motor1_target,0,int64,OK
2026-07-30T18:45:16.964Z,bioreactor-automation,bread0,dcmt0,motor1_target,0,int64,OK
2026-07-30T18:53:24.618Z,bioreactor-automation,bread0,dcmt0,motor1_target,0,int64,OK
2026-07-30T18:54:22.095Z,bioreactor-automation,bread0,dcmt0,motor1_target,0,int64,OK
2026-07-30T18:57:42.142Z,bioreactor-automation,bread0,dcmt0,motor1_target,0,int64,OK
2026-07-30T18:59:12.163Z,bioreactor-automation,bread0,dcmt0,motor1_target,0,int64,OK
2026-07-30T19:06:19.762Z,bioreactor-automation,bread0,dcmt0,motor1_target,0,int64,OK
2026-07-30T19:15:09.882Z,bioreactor-automation,bread0,dcmt0,motor1_target,0,int64,OK
2026-07-30T19:18:12.426Z,bioreactor-automation,bread0,dcmt0,motor1_target,0,int64,OK
2026-07-30T19:21:14.963Z,bioreactor-automation,bread0,dcmt0,motor1_target,0,int64,OK
2026-07-30T19:31:37.624Z,bioreactor-automation,bread0,dcmt0,motor1_target,0,int64,OK
2026-07-30T19:40:15.345Z,bioreactor-automation,bread0,dcmt0,motor1_target,0,int64,OK
2026-07-30T20:09:53.38Z,bioreactor-automation,bread0,dcmt0,motor1_target,0,int64,OK
2026-07-30T20:22:48.562Z,bioreactor-automation,bread0,dcmt0,motor1_target,0,int64,OK
2026-07-30T20:30:26.174Z,bioreactor-automation,bread0,dcmt0,motor1_target,0,int64,OK
2026-07-30T20:38:00.777Z,bioreactor-automation,bread0,dcmt0,motor1_target,0,int64,OK
2026-07-30T20:42:31.339Z,bioreactor-automation,bread0,dcmt0,motor1_target,0,int64,OK
2026-07-30T20:43:06.348Z,bioreactor-automation,bread0,dcmt0,motor1_target,0,int64,OK
2026-07-30T20:55:44.022Z,bioreactor-automation,bread0,dcmt0,motor1_target,0,int64,OK
2026-07-30T20:55:59.025Z,bioreactor-automation,bread0,dcmt0,motor1_target,0,int64,OK
2026-07-30T21:17:31.833Z,bioreactor-automation,bread0,dcmt0,motor1_target,0,int64,OK
2026-07-30T21:19:34.37Z,bioreactor-automation,bread0,dcmt0,motor1_target,0,int64,OK
2026-07-30T21:23:05.777Z,bioreactor-automation,bread0,dcmt0,motor1_target,0,int64,OK
2026-07-30T21:39:34.626Z,bioreactor-automation,bread0,dcmt0,motor1_target,0,int64,OK
2026-07-31T11:26:32.741Z,bioreactor-automation,bread0,dcmt0,motor1_target,0,int64,OK
2026-07-31T12:30:33.639Z,bioreactor-automation,bread0,dcmt0,motor1_target,0,int64,OK
2026-07-31T13:09:11.743Z,bioreactor-automation,bread0,dcmt0,motor1_target,0,int64,OK
2026-07-31T16:27:07.064Z,bioreactor-automation,bread0,dcmt0,motor1_target,0,int64,OK
2026-07-31T17:26:00.256Z,bioreactor-automation,bread0,dcmt0,motor1_target,0,int64,OK
2026-07-31T17:27:21.2Z,bioreactor-automation,bread0,dcmt0,motor1_target,0,int64,OK
2026-07-31T17:44:48.987Z,bioreactor-automation,bread0,dcmt0,motor1_target,0,int64,OK
2026-07-31T17:54:26.743Z,bioreactor-automation,bread0,dcmt0,motor1_target,0,int64,OK
2026-07-31T17:56:44.32Z,bioreactor-automation,bread0,dcmt0,motor1_target,0,int64,OK
